index,address
0,0x0000000080025000
1,0x0000000080026000
2,0x0000000080027000
3,0x0000000080028000
4,0x0000000080029000
5,0x000000008002a000
6,0x000000008002b000
7,0x000000008002c000
8,0x0000000080cee000
9,0x00000000819b7000
10,0x0000000082680000
11,0x0000000083349000
12,0x0000000084012000
13,0x0000000084cdb000
14,0x00000000859a4000
15,0x000000008666d000
16,0x0000000087336000
17,0x0000000087ff8000
18,0x0000000087ff9000
19,0x0000000087ffa000
20,0x0000000087ffb000
21,0x0000000087ffc000
22,0x0000000087ffd000
23,0x0000000087ffe000
24,0x0000000087fff000